,value,error
Rg,11.360153166892761,0.20423157721629157
Ree,25.009094305229187,1.2123625218729617
nu,0.42463048162847117,0.002896465679741672
