,value,error
Rg,19.49579932580366,1.0690916166285285
Ree,44.08616515579223,4.224277291212099
nu,0.2578619094505683,0.002619531957060123
